provincia,canton,pobtot,otra,blanca,indígena,mestiza,montubia,mulata,afroec,rural,escolaridad,analf,NBI,agua,elec,basura,pea,ocupada,publico,provincia_elec,canton_elec,cargo,gana,partido_num,partido
AZUAY,CAMILO PONCE ENRÍQUEZ,21998,0.28184380398218,6.54604964087644,0.600054550413674,85.2304754977725,1.88198927175198,1.6592417492499298,3.80034548595327,77.71161014637694,7.0703906397,7.3096239989,76.401939982,37.118068653,95.548849491,83.553376084,9983,9830,409,Azuay,Camilo Ponce Enríquez,Alcaldía,Baldor Bermeo,33-62,Juntos Podemos - Participa
AZUAY,CHORDELEG,12577,0,4.34920887334022,0.151069412419496,93.7504969388566,0.222628607776099,0.222628607776099,1.24035938618112,66.53414963822851,6.0024074631,11.881541389,66.41618035,45.266362253,95.585996956,76.98630137,5731,5634,275,Azuay,Chordeleg,Alcaldía,Deifilio Arévalo,2,Unidad Popular
AZUAY,CUENCA,505585,0.202142073044097,5.66591176557849,1.81116923959374,89.665437067951,0.424063213900729,0.5526271546822,1.67864948524976,34.74331714746284,9.8244135594,4.8624750316,38.197729613,74.73651057,98.511246313,87.974741888,231072,223232,26854,Azuay,Cuenca,Alcaldía,Pedro Palacios,4-20,Ecuatoriano Unido - Democracia Si
AZUAY,EL PAN,3036,0,5.8300395256917,0,92.4571805006588,0.263504611330698,0.164690382081686,1.21870882740448,83.99209486166008,6.0322580645,10.32779524,62.08499336,47.201689546,95.987328405,61.774023231,1064,1043,89,Azuay,El Pan,Alcaldía,Rigoberto Borja,33-62,Juntos Podemos - Participa
AZUAY,GIRÓN,12607,0.103117315776949,2.91108114539542,0.571111287380027,94.6934242880939,0.269691441262791,0.483858174030301,0.967716348060601,68.14468152613628,5.9264018692,11.24567474,63.392641494,51.57987127,96.840257461,56.846108836,5023,4882,322,Azuay,Girón,Alcaldía,José Miguel Uzhca,35-17,Alianza PAIS - Partido Socialista Ecuatoriano
AZUAY,GUACHAPALA,3409,0,2.4053974772660602,0.293341155764154,95.6292167791141,0,0.352009386916984,1.26136696978586,66.99911997653271,6.3039742213,10.159529807,62.814070352,57.651991614,95.597484277,62.683438155,1257,1228,109,Azuay,Guachapala,Alcaldía,José Luzuriaga Paida,4-20,Ecuatoriano Unido - Democracia Si
AZUAY,GUALACEO,42709,0.173265588049357,4.01554707438713,5.35952609520242,88.2319885738369,0.224776979091058,0.412091128333607,1.58280456109953,67.26451099299913,6.2617336941,11.214786215,69.296506138,44.538361508,95.578673602,45.727289615,17476,17076,1051,Azuay,Gualaceo,Alcaldía,Gustavo Vera,1-20,Centro Democrático - Democracia Si
AZUAY,NABÓN,15892,0,0.89353133652152,31.676315127108,66.5303297256481,0.106972061414548,0.295746287440221,0.44676566826076,92.26654920714824,4.7662082515,19.070274556,87.824880141,26.589034449,91.969917516,13.828238719,6228,6132,381,Azuay,Nabón,Alcaldía,Patricio Maldonado,4-20,Ecuatoriano Unido - Democracia Si
AZUAY,OÑA,3583,0,2.1769466927156,3.57242534189227,92.9946971811331,0.195367010884733,0.195367010884733,0.809377616522467,76.38850125593079,5.9010175763,14.602132896,83.010933558,33.239962652,92.250233427,29.411764706,1538,1498,138,Azuay,Oña,Alcaldía,Iván Ullauri Coronel,4-20,Ecuatoriano Unido - Democracia Si
AZUAY,PAUTE,25494,0.168667137365655,4.26374833294108,0.686436024162548,92.2099317486467,0.298109359064878,0.309876833764807,2.06323056405429,71.65607593943673,6.3965976331,12.214094973,70.077992003,40.085382011,96.48167231,49.374355955,10731,10485,689,Azuay,Paute,Alcaldía,Raúl Delgado,33-62,Juntos Podemos - Participa
AZUAY,PUCARÁ,10052,0,3.89972144846797,0.964982093115798,93.533625149224,0.228810187027457,0.477516912057302,0.795861520095503,90.93712693991246,4.77244518,17.96484438,91.431431431,23.193140057,90.730910576,36.790526746,2993,2931,209,Azuay,Pucará,Alcaldía,Luis Yánez,33-62,Juntos Podemos - Participa
AZUAY,SAN FERNANDO,3993,0,1.27723516153268,0.200350613573754,96.5940395692462,0,0.175306786877035,1.72802404207363,63.335837716003006,6.7633517495,8.3303539507,56.826196474,57.918968692,97.974217311,60.773480663,1723,1690,138,Azuay,San Fernando,Alcaldía,Claudio Loja Loja,35,Alianza PAIS
AZUAY,SANTA ISABEL,18393,0.179416082205187,4.40384929049095,0.489316587832328,92.5134562061654,0.201163486108846,0.728538030772577,1.4842603164247299,69.515576578046,6.8670103093,7.8754135399,66.482100762,47.791411043,96.134969325,44.396728016,7585,7447,562,Azuay,Santa Isabel,Alcaldía,Ernesto Guerrero,12-2,Izquierda Democrática - Unidad Popular
AZUAY,SEVILLA DE ORO,5889,0,5.85838003056546,0.798098149091527,91.6284598403804,0.203769740193581,0.305654610290372,1.15469519443029,85.77007980981492,7.3769765971,5.4797856795,70.9025916,38.35443038,96.392405063,39.810126582,2410,2365,396,Azuay,Sevilla de Oro,Alcaldía,Rolando Calle,4-20,Ecuatoriano Unido - Democracia Si
AZUAY,SIGSIG,26910,0.115198810850985,2.94685990338164,1.4121144555927199,93.8870308435526,0.159791898922334,0.531400966183575,0.947603121516165,86.33965068747678,5.6103784404,11.564229537,79.959718026,29.740039559,95.069228596,46.044080249,11805,11582,649,Azuay,Sigsig,Alcaldía,Pablo Uyaguari Quezada,35,Alianza PAIS
BOLÍVAR,CALUMA,13129,0.213268337268642,3.10762434305735,2.25455099398279,91.7891690151573,1.12727549699139,0.403686495544215,1.1044253179983201,52.25074263081727,8.4284504657,6.8055246157,64.253393665,50.393479483,90.584598089,66.132658797,4994,4797,635,Bolívar,Caluma,Alcaldía,Angel Suarez Garcia,21-100,Movimiento CREO - SIARI
BOLÍVAR,CHILLANES,17406,0,2.24635183270137,3.7630702056762,91.8533838906124,0.741123750430886,0.626220843387338,0.712398023669999,84.59726531081236,6.7026180354000005,14.169479789,85.015909748,24.629997791,82.968853545,33.112436492,6565,6342,568,Bolívar,Chillanes,Alcaldía,Carmita Naucin,21-100,Movimiento CREO - SIARI
BOLÍVAR,CHIMBO,15779,0,3.06103048355409,3.46029532923506,92.084415995944,0.380252233981875,0.234488877622156,0.722479244565562,72.10216110019645,7.5636007828,9.8997265269,73.907455013,39.474324653,91.09272329,39.742029691,6031,5727,970,Bolívar,Chimbo,Alcaldía,Luis Prado Velasquez,3-77,Partido Sociedad Patriotica - MINGA
BOLÍVAR,ECHEANDÍA,12114,0.156843321776457,4.67228000660393,4.3916130097408,85.5291398382037,3.47531781409939,0.462275053656926,1.3125309559187701,49.0671949810137,7.6951807229,10.045215691,67.133969307,49.847931873,91.484184915,65.906326034,4684,4479,507,Bolívar,Echeandía,Alcaldía,Patricio Escudero,23-6,Movimiento SUMA - Partido Social Cristiano
BOLÍVAR,GUARANDA,91877,0.114283226487587,2.30090229328341,46.9943511433765,49.0601565135997,0.804336232136443,0.229654864656007,0.49631572646037603,74.0152595317653,7.0095421557,18.017790357,77.915188525,35.453989338,86.306038626,37.879052696,37519,36247,4705,Bolívar,Guaranda,Alcaldía,Medardo Chimbolema,18,Pachakutik
BOLÍVAR,LAS NAVES,6092,0.114904793171372,3.57846355876559,1.3624425476034099,82.41956664478,8.09258043335522,1.06697307944846,3.3650689428759,75.62376887721602,7.4014794889,9.3873517787,85.178453404,31.454783748,90.891218873,50,2300,2258,174,Bolívar,Las Naves,Alcaldía,Cynthia Solano,35,Alianza PAIS
BOLÍVAR,SAN MIGUEL,27244,0,2.71986492438702,5.24886213478197,90.9154309205697,0.282631038026721,0.1835266480693,0.598296872705917,74.6329467038614,8.0118186874,9.2895027044,74.835805476,35.268847007,92.655210643,42.391906874,10065,9775,2083,Bolívar,San Miguel,Alcaldía,Stalin Carrasco,21-100,Movimiento CREO - SIARI
CAÑAR,AZOGUES,70064,0.139872116921672,4.62434345741037,1.68417446905686,91.4692281342772,0.393925553779402,0.361098424297785,1.32735784425668,51.68988353505366,8.3345237431,8.1930966712,54.824783054,59.110861002,97.377602701,73.624085537,28689,27585,4878,Cañar,Azogues,Alcaldía,Romel Sarmiento Castro,6,Partido Social Cristiano
CAÑAR,BIBLIÁN,20817,0.139309218427247,2.11846087332469,5.20247874333477,91.4252774174953,0.244992073785848,0.12970168612192,0.739779987510208,73.61291252341836,6.1567294282,15.158806545,71.080610864,45.837651123,97.92746114,46.649395509,8125,7853,675,Cañar,Biblián,Alcaldía,Guillermo Espinoza Sanchez,20,Democracia Si
CAÑAR,CAÑAR,59323,0.158454562311414,2.2672487905197,39.0287072467677,57.532491613708,0.323651871955228,0.300052256291826,0.389393658446134,77.39999662862633,6.00592899,17.435605669,75.705339822,41.010889665,93.863434011,34.874323676,22789,22294,2421,Cañar,Cañar,Alcaldía,Segundo Yugsi Tenelema,18,Pachakutik
CAÑAR,DELEG,6100,0,3.95081967213115,2.32786885245902,92.6065573770492,0.245901639344262,0.639344262295082,0.213114754098361,90.52459016393442,5.4105830475,17.821557971,74.777154176,49.354375897,94.50023912,42.228598757,2456,2390,117,Cañar,Déleg,Alcaldía,Geovanni Chuya Jara,35,Alianza PAIS
CAÑAR,EL TAMBO,9475,0,2.99736147757256,45.2770448548813,51.0184696569921,0.32717678100263903,0,0.274406332453826,50.67018469656992,6.5050804403,14.433327866,68.48748409,46.624203822,95.541401274,58.046709130000004,3378,3270,362,Cañar,El Tambo,Alcaldía,Alex Arce,20-17-35,Democracia Si - Partido Socialista Ecuatoriano - Alianza PAIS
CAÑAR,LA TRONCAL,54389,0.319917630403207,7.32684917906194,0.948721248781923,80.5199580797588,3.37016676166137,1.4212432661016,6.09314383423119,35.17255327363989,7.7195442594,7.6557713386,70.705762649,49.907042463,96.177586079,88.39146278,20766,19988,2502,Cañar,La Troncal,Alcaldía,Rómulo Alcívar,21,Movimiento CREO
CAÑAR,SUSCAL,5016,0,1.31578947368421,76.7344497607656,21.7304625199362,0,0,0.139553429027113,74.76076555023924,4.0679456435,33.445326817,84.394582575,29.47845805,90.551776266,28.647014361,1930,1886,110,Cañar,Suscal,Alcaldía,Manuel Pomaquiza,18,Pachakutik
CARCHI,BOLÍVAR,14347,0,2.16073046629958,0.71792012267373,78.9084826096048,0.160312260402872,1.2406774935526599,16.7979368509096,79.1036453613996,6.5744419917,7.6277187658,78.52807813,38.091679123,97.807673144,62.929745889,5650,5478,378,Carchi,Bolívar,Alcaldía,Livardo Benalcázar,63-6,Movimiento Social Conservador del Carchi - Partido Social Cristiano
CARCHI,ESPEJO,13364,0,2.14756061059563,0.987728225082311,95.0838072433403,0.366656689613888,0.538760850044897,0.84555522298713,66.34989524094583,7.9135667396,6.8501920615,63.724013257,56.013270666,98.424108377,75.725739563,4969,4795,762,Carchi,Espejo (El Ángel),Alcaldía,Arnaldo Cuaces,21,Movimiento CREO
CARCHI,MIRA,12180,0,2.24137931034483,2.66009852216749,62.7257799671593,0.344827586206897,3.36617405582923,28.6124794745484,74.58128078817734,6.9205033763,10.078795719,74.695121951,38.115631692,96.298562251,55.79687978,4876,4731,540,Carchi,Mira,Alcaldía,Johnny Garrido,12,Izquierda Democrática
CARCHI,MONTÚFAR,30511,0.206482907803743,2.52695749074104,1.23234243387631,93.5039821703648,0.314640621415227,1.15695978499558,1.05863459080332,52.51876372455836,7.6139318126,5.8092255924,63.034188034,54.417316889,98.917694437,62.811477473,12542,12244,1605,Carchi,Montúfar (San Gabriel),Alcaldía,Andrés Ponce,12,Izquierda Democrática
CARCHI,SAN PEDRO DE HUACA,7624,0.131164742917104,3.17418677859391,1.3903462749213,93.3761804826863,0.170514165792235,0.852570828961175,0.905036726128017,49.38352570828961,7.0755667506,5.7078482914,64.119820533,50.950179764,98.356445814,82.742681048,3089,2980,278,Carchi,San Pedro de Huaca,Alcaldía,Armando Pailacho,66,Lidera
CARCHI,TULCÁN,86498,0.160697357164328,3.2694397558325,5.32729080441166,87.4205183934889,0.256653333025041,1.2046521306851,2.36074822539249,38.081805359661494,8.6413848488,5.4711246201,47.315128422,70.235671959,96.580268693,81.942371195,37380,35933,5223,Carchi,Tulcán,Alcaldía,Cristian Benavides,104,Somos
CHIMBORAZO,ALAUSÍ,44089,0,1.54687110163533,58.9648211572048,38.6876545169997,0.138356506157999,0.217741386740457,0.371974869014947,85.64267731180112,5.0373443983,24.959469418,87.125515346,26.021045122,85.785625111,23.79168896,17158,16699,880,Chimborazo,Alausí,Alcaldía,Rodrigo Rea,21-3-69,Movimiento CREO - Partido Sociedad Patriotica - Merecemos Mas
CHIMBORAZO,CHAMBO,11885,0,2.00252419015566,9.31426167437947,86.6975178796803,0.328144720235591,0.277660917122423,1.3378207824989499,62.48212031973075,7.1337726524,11.698757007,69.977081742,40.248284874,95.393662202,81.149950996,5558,5472,340,Chimborazo,Chambo,Alcaldía,Marco Antonio Guaraca,33,Juntos Podemos
CHIMBORAZO,CHUNCHI,12686,0,3.44474223553524,4.61138262651742,89.4765883651269,0.252246571023175,0.386252561879237,1.73419517578433,70.17184297650954,5.3860238023,21.73053152,75.09563277,40.710629329,93.917494731,48.148148148,4831,4654,375,Chimborazo,Chunchi,Alcaldía,Walter Narváez,100,MINGA
CHIMBORAZO,COLTA,44971,0,0.240154766405017,87.3807564875142,12.2234328789664,0.042249449645327,0,0,94.85668541949256,4.9932242485,26.705689829,93.269102101,15.874339728,84.806783431,27.189324437,22005,21685,1089,Chimborazo,Colta (Cajabamba),Alcaldía,Simón Bolívar Gualán,100,MINGA
CHIMBORAZO,CUMANDÁ,12922,0.092864881597276,3.2967032967033,4.46525305680235,86.3411236650673,1.61739668781922,0.828045194242377,3.3586132177681502,33.245627611824794,7.9017307128,8.7744396757,68.969545915,46.555750146,94.541739638,74.138937536,4943,4674,388,Chimborazo,Cumandá,Alcaldía,Eliana Medina,19,Unión Ecuatoriana
CHIMBORAZO,GUAMOTE,45153,0,0.292339379443226,94.4876309436804,5.04506898766416,0,0,0,94.13549487298741,5.3049652059,20.136670876,95.523083064,13.594260806,80.684707592,12.522702506,19277,18997,536,Chimborazo,Guamote,Alcaldía,Delfín Quishpe,18,Pachakutik
CHIMBORAZO,GUANO,42851,0,1.2625142937154301,13.2295629040162,84.3994305850505,0.296375813866654,0.140020069543301,0.602086299036195,81.89540500805116,6.9002040273,10.779981502,80.972049471,30.857694671,93.020805899,26.415591256,18100,17646,1150,Chimborazo,Guano,Alcaldía,Raúl Cabrera,21-3-69,Movimiento CREO - Partido Sociedad Patriotica - Merecemos Mas
CHIMBORAZO,PALLATANGA,11544,0.077962577962578,2.72869022869023,30.8125433125433,65.2633402633403,0.233887733887734,0.268537768537769,0.615038115038115,66.96985446985447,6.2079274437,15.889370933,84.920910829,24.722502523,90.043726875,43.155062227,4598,4478,257,Chimborazo,Pallatanga,Alcaldía,Enrique Granizo,20,Democracia Si
CHIMBORAZO,PENIPE,6739,0,1.72132363852204,0.549042884700994,95.9934708413711,0.385813918979077,0.400652915862888,0.920017806796261,84.21130731562546,7.0209125475,9.7171717172,73.72650091,39.209147213,94.187708433,37.398761315,2979,2918,189,Chimborazo,Penipe,Alcaldía,Lourdes Mancero,62,Cambio
CHIMBORAZO,RIOBAMBA,225741,0.10454458871007,3.09203910676395,24.2410550143749,70.9073672926052,0.282624777953495,0.315405708311738,1.05696351128063,35.180583057574836,9.8170968912,8.3040225899,46.457196953,63.37599734,96.417885638,68.957779255,100585,96610,18118,Chimborazo,Riobamba,Alcaldía,Napoleón Cadena,4-6-61-66,Ecuatoriano Unido - Partido Social Cristiano - Renovación - Amauta Yuyay
COTOPAXI,LA MANÁ,42216,0.319783968163729,3.86820162971385,1.7671025203714201,81.5662308129619,6.54728065188554,1.18912260754216,4.74227780936138,43.68249005116544,7.493981397,9.9519907591,72.372529856,46.890039045,94.143285208,75.755924816,16865,16179,992,Cotopaxi,La Maná,Alcaldía,Hipotilo Carrera Benites,21-19-33,Movimiento CREO - Union Ecuatoriana - Juntos Podemos
COTOPAXI,LATACUNGA,170489,0.138425352955323,2.72392940306999,8.53368839045334,86.4178920634176,0.675703417815812,0.355448152080193,1.15491322020776,62.553595833162255,8.7286894923,9.2187327637,64.653826442,47.566470852,95.767570246,61.438648642,73897,71626,9573,Cotopaxi,Latacunga,Alcaldía,Byron Cardenas,18-20,Pachakutik - Democracia Si
COTOPAXI,PANGUA,21965,0,2.80901434099704,9.99317095379012,76.8040063737765,8.82312770316412,0.359663100386979,1.13817436831323,92.49260186660597,6.1968143537,14.946038056999999,90.043448434,16.845357078,81.173905143,17.644920952,9145,9036,518,Cotopaxi,Pangua (El Corazón),Alcaldía,Saul Mejía,2-18,Unidad Popular - Pachakutik
COTOPAXI,PUJILÍ,69055,0.082542900586489,1.00644413873,51.7790167257983,46.121207732966496,0.456158134820071,0.130330895662877,0.424299471435812,85.42610962276447,5.6394198267,24.297513035,87.726276366,20.001203442,85.011131837,21.78229737,27681,26995,2493,Cotopaxi,Pujilí,Alcaldía,Luis Ughsa,23,Movimiento SUMA
COTOPAXI,SALCEDO,58216,0,1.9616600247354699,27.9132884430397,68.6495121616051,0.367596537034492,0.279991754844029,0.779854335577848,78.54885254912739,7.2269788918,11.553608349,75.350314075,35.822461155,93.896282698,47.741427916,25574,24912,1723,Cotopaxi,Salcedo,Alcaldía,Willian Naranjo,104,Visión Salcedense
COTOPAXI,SAQUISILÍ,25320,0,0.699052132701422,47.3696682464455,50.6793048973144,0.288309636650869,0.268562401263823,0.655608214849921,71.54423380726699,6.3588417787000004,18.522896964,84.329391291,28.718300206,90.095956134,35.349554489,10605,10349,755,Cotopaxi,Saquisilí,Alcaldía,Javier Velasquez,23,Movimiento SUMA
COTOPAXI,SIGCHOS,21944,0,2.00966095515859,40.7719650018228,52.6658767772512,3.69121399927087,0.442034269048487,0.337222019686475,91.12741523878964,5.1539233394,24.616785552,93.735721466,15.918288688,82.963962228,16.400077086,9327,9175,366,Cotopaxi,Sigchos,Alcaldía,Hugo Arguello,23,Movimiento SUMA
EL ORO,ARENILLAS,26844,0.193711816420802,5.38667858739383,0.514081358962897,84.4322753687975,4.72731336611533,0.860527492177023,3.88541201013262,35.3822083147072,8.586506159,4.999731774,71.839737725,43.70223606,95.683555052,75.304273988,11084,10567,1617,El Oro,Arenillas,Alcaldía,Edwin Rengel Jaramillo,21,Movimiento CREO
EL ORO,ATAHUALPA,5833,0,6.00034287673581,0.068575347162695,85.3420195439739,7.23469912566432,0.240013715069433,1.02863020744043,72.67272415566603,7.5481890731,4.3659043659,59.288059444,61.901802362,98.75699192,82.535736482,2209,2134,258,El Oro,Atahualpa (Paccha),Alcaldía,Bismark Ruilova Reyes,70-101,MAR - Renace Atahualpa
EL ORO,BALSAS,6861,0,6.22358256813876,0,86.2410727299227,4.70776854685906,0.524704853519895,2.22999562745955,41.23305640577175,8.5168161435,5.0118816159,69.591328548,51.845637584,98.434004474,73.881431767,2685,2571,240,El Oro,Balsas,Alcaldía,Yuber Añazco,88,Somos Igualdad Impulso e Integración
EL ORO,CHILLA,2484,0,2.85829307568438,0,89.0096618357488,7.2463768115941996,0.563607085346216,0.241545893719807,58.73590982286635,6.9274755927000005,10.723039216,83.958081419,29.160935351,90.921595598,35.900962860999996,967,955,116,El Oro,Chilla,Alcaldía,Richard Cartuche Malla,17-70,Partido Socialista Ecuatoriano - MAR
EL ORO,EL GUABO,50009,0.219960407126717,5.9909216341058595,0.695874742546342,82.2791897458458,3.95528804815133,1.85366634005879,5.00509908216521,55.663980483512965,7.768384306,5.7597710402,74.259363901,41.261247522,96.934573738,88.073814244,20463,19769,961,El Oro,El Guabo,Alcaldía,Hitler Alvarez Bejarano,70,MAR
EL ORO,HUAQUILLAS,48285,0.246453349901626,6.99803251527389,0.463912188050119,82.2677850264057,3.5518276897587198,1.35031583307445,5.12167339753547,1.1991301646474062,8.6210711016,4.1775619475,73.872875865,39.230286879,94.622981659,90.437372629,20075,18925,1447,El Oro,Huaquillas,Alcaldía,Alberto Astudillo Castro,111,"Ahora, Honra, Orden, Respeto y Amor"
EL ORO,LAS LAJAS,4794,0.271172298706717,4.73508552357113,0.104297037964122,87.9849812265332,3.04547350855236,0.584063412599082,3.27492699207343,0.07542761785565291,7.3900156006,5.7996485062000005,71.747368421,46.765393609,95.089633671,58.222915043,1786,1722,198,El Oro,Las Lajas (La Victoria),Alcaldía,Enrique González,88-21,Somos Igualdad Impulso e Integración - Movimiento CREO
EL ORO,MACHALA,245972,0.369960808547314,9.24780056266567,1.06434878766689,78.5512172117152,1.4639877709658,3.30159530353048,6.00108955490869,5.981168588294603,10.242166297,3.1176440119,56.942294435,58.622194514,98.298004988,91.793952618,108577,102611,12376,El Oro,Machala,Alcaldía,Dario Macas,2-8,Unidad Popular - Avanza
EL ORO,MARCABELÍ,5450,0.073394495412844,5.59633027522936,0.110091743119266,85.6146788990826,5.19266055045872,0.403669724770642,3.00917431192661,32.440366972477065,7.8280479211,5.9660645868,52.908381342,73.09352518,98.705035971,83.309352518,2079,2002,227,El Oro,Marcabelí,Alcaldía,Efren Pangay,1,Centro Democrático
EL ORO,PASAJE,72806,0.222509133862594,8.05977529324506,0.315908029558003,85.4572425349559,1.1400159327527999,1.24440293382414,3.5601461418015,27.652940691701232,8.976135217,4.5404013808,59.038154146,57.376965228,97.690377426,83.233471603,30385,28998,3110,El Oro,Pasaje,Alcaldía,Cesar Encalada Erraez,88-21,Somos Igualdad Impulso e Integración - Movimiento CREO
EL ORO,PIÑAS,25988,0,6.59535170078498,0.119285824226566,86.6284438971833,4.34431275973526,0.350161613052178,1.88163767892874,40.291673079883026,8.7491652755,3.4843391495000002,56.107283845,66.373902133,98.104001115,82.852363028,10547,10234,1181,El Oro,Piñas,Alcaldía,Jaime Granda Romero,104,Progreso para Piñas
EL ORO,PORTOVELO,12200,0.221311475409836,7.63934426229508,0.131147540983607,69.6639344262295,18.016393442623,1.55737704918033,2.77049180327869,35.75409836065574,8.5504561003,4.5885172925,59.459905855,62.140992167,98.201334494,76.356251813,5150,4943,515,El Oro,Portovelo,Alcaldía,Paulina Lopez,88,Somos Igualdad Impulso e Integración
EL ORO,SANTA ROSA,69036,0.272321687235645,6.60090387623848,0.579407845182224,83.6302798539892,1.7338779767078,1.8178921142592301,5.36531664638739,29.125383857697436,9.0330842538,4.3245248794,56.567731334,64.563502856,96.578732662,81.087843351,28781,27409,3754,El Oro,Santa Rosa,Alcaldía,Larry Vite Cevallos,88,Somos Igualdad Impulso e Integración
EL ORO,ZARUMA,24097,0.16184587293024,7.39511142465867,0.16184587293024,83.5747188446695,6.58588206000747,0.522886666390007,1.5977092584139099,59.841474042411924,8.1552490421,6.8871797837,62.80092108,51.449385339,96.873577174,68.113522538,9827,9566,1059,El Oro,Zaruma,Alcaldía,Jhansy Lopez Jumbo,8,Avanza
ESMERALDAS,ATACAMES,41526,0.42142272311323,7.89866589606512,0.419014593266869,54.9487068342725,2.09025670664162,13.6781775273323,20.5437557193084,62.76308818571498,8.0630337536,9.1094049904,79.818544464,41.077178261,90.418577422,82.57390965,15453,14019,1397,Esmeraldas,Atacames,Alcaldía,Fredy Saldarriaga Corral,2-17,Unidad Popular - Partido Socialista Ecuatoriano
ESMERALDAS,ELOY ALFARO,39739,0.150985178288331,3.40471577040187,16.8096831827676,14.5801353833765,0.991469337426709,4.75854953572058,59.3044616120184,86.65794307858778,6.6171959908,17.168080912,94.495691071,16.364046464,82.654787414,36.122702154,14513,13513,1385,Esmeraldas,Eloy Alfaro (Valdéz - Limones),Alcaldía,David Rosero Castillo,20,Democracia Si
ESMERALDAS,ESMERALDAS,189504,0.3282252617359,4.8927727119216495,0.704470618034448,37.4419537318473,1.1144883485309,13.4841480918609,42.0339412360689,18.716755319148938,10.458511174,5.3430136856,57.01921894,63.090797986,94.550856565,90.42290916,74701,66009,15429,Esmeraldas,Esmeraldas,Alcaldía,Lucía Sosa,2,Unidad Popular
ESMERALDAS,MUISNE,28474,0.435485003863173,3.9755566481702598,3.12565849546955,56.3917960244434,4.73765540493081,12.6922806771089,18.6415677460139,79.19154316218304,6.5711075441,13.781532053,98.273133331,6.4121907061,78.409776705,45.775497888,9915,8900,834,Esmeraldas,Muisne,Alcaldía,Tairon Quintero,6-12,Partido Social Cristiano - Izquierda Democratica
ESMERALDAS,QUININDÉ,122570,0.283103532675206,8.32830219466427,2.57567104511708,60.6486089581464,4.71975197846129,8.42702129395447,15.0175409969813,76.39879252671943,7.2456047448,11.235395819,91.007588395,15.975908534,85.99768613,48.730774466,46622,44756,3316,Esmeraldas,Quinindé (Rosa Zárate),Alcaldía,Carlos Barcia Molina,6,Partido Social Cristiano
ESMERALDAS,RIOVERDE,26869,0.145148684357438,4.95738583497711,1.29517287580483,34.3481335367896,2.1735085042242,9.80684059697049,47.2738099668763,88.20573895567382,6.4617652159,14.160174509,97.670604897,5.9801205801,76.503177448,46.13003096,9324,8683,617,Esmeraldas,Río Verde,Alcaldía,Joffre Quintero Bolaños,6,Partido Social Cristiano
ESMERALDAS,SAN LORENZO,42486,0.254201383985313,2.56319728851857,5.27938615073201,19.1404227274867,0.597843995669162,8.56282069387563,63.6021277597326,45.24078519983053,7.2803593213,15.282006089,84.589626674,36.273892039,86.315900021,60.050409578,16269,15306,2102,Esmeraldas,San Lorenzo,Alcaldía,Gleen Arroyo,20,Democracia Si
GALÁPAGOS,ISABELA,2256,0.842198581560284,8.11170212765957,0.48758865248227,82.7570921985816,1.86170212765957,2.65957446808511,3.28014184397163,7.2695035460992905,11.020802377,0.89001907184,52.438457966,63.759398496,99.398496241,93.834586466,1127,1105,264,Galápagos,Isabela (Puerto Villamil),Alcaldía,Bolívar Tupiza Gil,35,Alianza PAIS
GALÁPAGOS,SAN CRISTÓBAL,7475,1.35117056856187,8.80267558528428,6.48829431438127,76.5083612040134,1.39130434782609,2.26086956521739,3.19732441471572,10.74247491638796,11.831673778999999,1.182338814,42.100694444,68.252472916,99.576071597,93.170042393,3804,3695,1226,Galápagos,San Cristóbal (Puerto Baquerizo Moreno),Alcaldía,Henry Cobos,21,Movimiento CREO
GALÁPAGOS,SANTA CRUZ,15393,1.98791658546092,10.4203209250958,8.17254596245046,72.3120899109985,2.14383161177158,2.00740596374976,2.95588904047294,22.211394789839538,11.217869416,1.4230734807,56.837056128,59.66155957,99.474045278,98.467871027,8044,7701,1193,Galápagos,Santa Cruz (Puerto Ayora),Alcaldía,Ángel Yánez Vinueza,103,Movimiento X mi Santa Cruz
GUAYAS,ALFREDO BAQUERIZO MORENO (JUJÁN),25179,0.142976289765281,4.21780054807578,0.305810397553517,50.490488105167,37.9760911871004,1.11203780928552,5.75479566305254,66.86524484689622,7.1748420102,10.042289594,89.624407536,18.578830496,89.03034789,35.499629904,9235,8789,453,Guayas,Alfedo Baquerizo Moreno (Jujan),Alcaldía,Angela Herrera Mendez,6-75,Partido Social Cristiano - Madera de Guerrero
GUAYAS,BALAO,20523,0.414169468401306,5.4183111630853205,0.574964673780636,77.7176826000097,6.31486624762462,1.5056278321882801,8.0543780149101,55.074794133411295,6.8915273556,8.6299653622,85.083144741,33.295150821,95.990836197,83.963344788,8417,8198,309,Guayas,Balao,Alcaldía,Jonnatan Molina,6-75,Partido Social Cristiano - Madera de Guerrero
GUAYAS,BALZAR,53937,0.181693457181527,5.47675992361459,0.161299293620335,55.8336577859354,30.5486029997961,0.949255613030017,6.84873092682203,46.615495856276766,6.4462803566,15.564068843,90.666220163,19.915985297,88.830545345,50.431325482,18338,16981,1100,Guayas,Balzar,Alcaldía,Octavio Zambrano Alcívar,6-75,Partido Social Cristiano - Madera de Guerrero
GUAYAS,COLIMES,23423,0.119540622465098,3.76126029970542,0,44.3026085471545,46.1640268112539,0.563548648764035,5.04205268326004,73.5687145113777,5.9839546191,16.624390244,92.76448174,19.253778338,82.226070529,34.996851385,7909,7495,359,Guayas,Colimes,Alcaldía,Norma Ordoñez Murillo,6-75,Partido Social Cristiano - Madera de Guerrero
GUAYAS,CORONEL MARCELINO MARIDUEÑA,12033,0.132967672234688,5.49322695919555,1.29643480428821,81.9745699326851,6.77304080445442,1.21333000914153,3.1164298180005,40.47203523643314,8.8719180275,5.5733049343,76.0241773,31.421367791,94.70532619,77.875827293,4473,4297,291,Guayas,Coronel Marcelino Maridueña,Alcaldía,Pedro Orellana,6-75,Partido Social Cristiano - Madera de Guerrero
GUAYAS,DAULE,120326,0.271761714010272,6.34692418928577,0.155411133088443,51.9347439456144,36.0753286903911,1.04133769925037,4.17449262835962,45.85958147033891,8.8139587363,9.7582454701,75.04264214,34.467638929,93.861405014,52.365519652,45309,42280,3279,Guayas,Daule,Alcaldía,Wilson Cañizares,6-75,Partido Social Cristiano - Madera de Guerrero
GUAYAS,DURÁN,235769,0.519576365001336,9.6849034436249,2.89054116529315,70.3340982062952,5.71491587104327,4.0166434094389,6.8393215393033,2.0910297791482337,10.265109489,3.3075506446,67.81786148,42.133290816,94.427614796,81.804846939,98695,90389,8388,Guayas,Durán (Eloy Alfaro),Alcaldía,Dalton Narváez,6-75,Partido Social Cristiano - Madera de Guerrero
GUAYAS,EL EMPALME,74451,0.248485581120468,4.74003035553586,0.13834602624545,61.3423594041719,26.1084471665928,0.961706357201381,6.46062510913218,52.0678029845133,6.8663678619,12.134560642,91.159639367,15.461333043,91.748869148,59.076788926,26053,24646,1387,Guayas,El Empalme (Velasco Ibarra),Alcaldía,Rodolfo Cantos,21-115,Movimiento CREO - RENACE
GUAYAS,EL TRIUNFO,44778,0.259055786323641,7.13966680066104,0.808432712492742,75.1529769083032,6.61038903032739,1.71959444370003,8.30988431819197,22.142570012059494,7.5487672226,8.842877917,81.731827266,31.810911676,93.566731829,73.591611871,17e3,16213,862,Guayas,El Triunfo,Alcaldía,José Martillo Pino,35,Alianza PAIS
GUAYAS,GENERAL ANTONIO ELIZALDE (BUCAY),10642,0.281901898139447,6.79383574516068,1.80417214809246,83.0201090020673,3.2136816387897,1.10881413268183,3.7774854350686002,42.87727870700996,8.3671328671,7.2706454845,68.65981325999999,46.873908488,95.494236815,73.174991268,4195,4014,350,Guayas,General Antonio Elizalde (Bucay),Alcaldía,Gregorio Rodríguez,20,Democracia Si
GUAYAS,GUAYAQUIL,2350915,0.618950493743925,11.3986256415055,1.36878619601304,70.7878421805978,4.9610045450388505,3.76674613926918,7.0980448038317,3.072165518532146,10.705554173,3.1012461255,47.966573455,75.692517664,96.867754633,92.730208134,1015141,930592,92555,Guayas,Guayaquil,Alcaldía,Cynthia Viteri,6-75,Partido Social Cristiano - Madera de Guerrero
GUAYAS,ISIDRO AYORA,10870,0.110395584176633,2.9162833486660498,0,55.4737810487581,32.4287028518859,0.93836246550138,8.04047838086477,45.10579576816927,6.3420610943,16.223250434,94.480280133,11.659344373,88.915174045,52.213585671,3672,3454,202,Guayas,Isidro Ayora,Alcaldía,Ignacio Cercado Choez,1-4-20,Centro Democrático - Ecuatoriano Unido - Democracia Si
GUAYAS,LOMAS DE SARGENTILLO,18413,0.233530657687503,4.42622060500733,0,60.8048661271927,28.354966599685,0.825503720197686,5.32232661706403,25.188725357084667,6.2759693137,14.914564687,88.449781659,24.392270933,90.380220237,83.191356742,6362,5888,340,Guayas,Lomas de Sargentillo,Alcaldía,Elvis Espinoza Espinoza,6-75,Partido Social Cristiano - Madera de Guerrero
GUAYAS,MILAGRO,166634,0.289256694312085,6.35224504002785,1.00819760673092,75.3741733379742,9.56767526435181,1.60711499453893,5.80133706206416,19.879496381290732,9.2970607476,4.7652478397,70.696079083,43.747765463,95.982302467,73.710672149,65526,61639,5905,Guayas,Milagro,Alcaldía,Francisco Asán,6-75-105,Partido Social Cristiano - Madera de Guerrero - Milagreños Renacen
GUAYAS,NARANJAL,69012,0.247782994261868,5.47151220077668,0.66075465136498,74.062481887208,10.8720222569988,1.71274560945922,6.97270039993045,58.72167159334608,7.2761636269,8.8469491003,75.917722454,40.884009329,93.122475681,68.621650833,27877,26958,1125,Guayas,Naranjal,Alcaldía,Luigi Rivera Gutiérrez,33,Juntos Podemos
GUAYAS,NARANJITO,37186,0.311945355779057,6.49169042112623,6.05604259667617,71.1961490883666,7.68837734631313,1.55972677889528,6.69606841284354,23.234550637336632,7.7428077666,8.115964802,68.828672748,53.186372745,96.24248497,78.276553106,14286,13697,736,Guayas,Naranjito,Alcaldía,Máximo Betancourth,4,Ecuatoriano Unido
GUAYAS,NOBOL,19600,0.183673469387755,4.80102040816327,0.168367346938776,50.4132653061224,38.0357142857143,1.09183673469388,5.30612244897959,57.877551020408156,7.3898473131,10.718130094,74.627018713,50.832012678,90.986529319,67.21473851,7096,6660,408,Guayas,Nobol (Narcisa de Jesús),Alcaldía,Marvin Salas Cercado,1-20-35,Centro Democrático - Democracia Si - Alianza PAIS
GUAYAS,PALESTINA,16065,0.143168378462496,3.73482726423903,0.124494242141301,33.9869281045752,57.4603174603175,0.771864301276066,3.77840024898848,47.21444133208839,6.4338252518,14.672351469,82.686417901,31.55971683,91.573418589,57.61589404,5714,5371,261,Guayas,Palestina,Alcaldía,Luis Castro Guadamud,21-23,Movimiento CREO - Movimiento SUMA
GUAYAS,PEDRO CARBO,43436,0.131227553181693,3.46256561377659,0.188783497559628,57.2060042361175,32.7930748687725,1.12118979648218,5.09715443410995,53.44875218712588,6.2339273817,16.505734305,94.178319258,11.952945048,85.307666996,53.537347812,15403,14417,733,Guayas,Pedro Carbo,Alcaldía,Xavier Gomez Martillo,6-75,Partido Social Cristiano - Madera de Guerrero
GUAYAS,PLAYAS,41935,1.73125074520091,6.56492190294503,1.85525217598665,74.1933945391678,4.80982472874687,3.42911648980565,7.41623941814713,17.946822463336115,8.6301758366,5.9025296556,68.678319829,55.814617434,90.350209364,89.227255424,15872,14755,1196,Guayas,Playas (General Villamil),Alcaldía,Dany Mite,21,Movimiento CREO
GUAYAS,SALITRE (URBINA JADO),57402,0,1.8065572628131399,0,15.849621964391499,79.5251036549249,0.592313856660047,2.04522490505557,81.11564057001497,6.3140029228,13.388412521,94.252412277,13.014827018,91.973640857,23.242174629,19436,18401,925,Guayas,Salitre,Alcaldía,Milton Moreno Pérez,3,Partido Sociedad Patriótica
GUAYAS,SAMBORONDÓN,67590,0.717561769492528,19.6286432904276,0.400946885633969,48.699511762095,25.7345761207279,0.785619174434088,4.03314099718893,36.91818316318982,11.314114736,5.841960044,51.867700811,58.758352847,96.184819236,71.991547204,28769,27473,1892,Guayas,Samborondón,Alcaldía,Juan José Yúnez,6-75,Partido Social Cristiano - Madera de Guerrero
GUAYAS,SAN JACINTO DE YAGUACHI,60958,0.241149644017192,4.2832770104006,0.229666327635421,60.8402506643919,28.1390465566456,1.34846943797369,4.91814035893566,70.78972407231208,7.4577595593,9.1637943953,81.392580837,34.477969953,91.882338089,51.420275218,22162,20985,1595,Guayas,Santa Lucía,Alcaldía,Edson Alvarado Roca,6-75,Partido Social Cristiano - Madera de Guerrero
GUAYAS,SANTA LUCÍA,38923,0.105336176553709,2.5306374123269,0.184980602728464,35.9299129049662,57.1898363435501,0.778460036482286,3.28083652339234,77.36556791614213,6.2997960571,15.486941207,91.714300427,15.521939303,88.809546181,29.775439256,13436,12656,553,Guayas,Simón Bolívar,Alcaldía,Jorge Vera Zavala,6-75,Partido Social Cristiano - Madera de Guerrero
GUAYAS,SIMÓN BOLÍVAR,25483,0.207981791782757,4.38331436644037,0.400266844563042,67.8648510771887,20.8884354275399,0.62786956009889,5.6272809323863004,71.35345132048818,7.2502168257,9.275819744,90.343904934,15.810388873,91.612262276,53.604882203,9936,9687,340,Guayas,Yaguachi,Alcaldía,Kleber Falcón Ortega,6-75,Partido Social Cristiano - Madera de Guerrero
IMBABURA,ANTONIO ANTE,43518,0,2.54377498965945,17.8179144262144,77.5885840341927,0.222896272806655,0.659497219541339,1.10528976515465,51.08690656739739,8.1971818099,7.989570101,53.092831094,64.409274936,98.049319102,89.225248436,18974,18380,1991,Imbabura,Antonio Ante (Atuntaqui),Alcaldía,Rolando López,11,Justicia Social
IMBABURA,COTACACHI,40036,0.187331401738435,2.46278349485463,40.5510040963133,53.5268258567289,0.52203017284444,1.0890198821061,1.66100509541413,77.89989009891099,6.5263759086,18.695448878,72.759667746,40.353582074,94.367355329,58.793298386000004,14967,14507,1121,Imbabura,Cotacachi,Alcaldía,Auki Tituaña,51,Concertación
IMBABURA,IBARRA,181175,0.162274044432179,3.7847385124879303,8.83510418104043,78.1978749827515,0.327859804056851,2.0637505174555,6.62839795777563,27.22174692976404,9.7403350785,5.4674011991,39.769328631,74.219818607,98.733191642,88.908061699,80482,76965,11345,Imbabura,Ibarra,Alcaldía,Andrea Scacco,100,Únete
IMBABURA,OTAVALO,104874,0.102027194538208,1.13660201765929,57.2420237618475,40.2959742166791,0.230753094189218,0.304174533249423,0.688445181837252,62.47496996395675,6.8296790594,17.913551878,67.411385196,48.779229029,95.823573782,82.651157251,42553,40460,3984,Imbabura,Otavalo,Alcaldía,Mario Conejo,100,Únete
IMBABURA,PIMAMPIRO,12970,0,2.59830377794911,13.5003855050116,73.4309946029298,0.23130300693909,1.01002313030069,9.14417887432537,60.38550501156516,6.5498644986,11.902373788,71.320404852,46.747638327,96.81511471,62.267206478,5614,5478,345,Imbabura,Pimampiro,Alcaldía,Armando Chavez,8,Avanza
IMBABURA,SAN MIGUEL DE URCUQUÍ,15671,0,1.89522047093357,5.4942250015953,83.147214600217,0.153149128964329,1.9717950354157399,7.28734605321932,78.95475719481846,6.0906844576,12.36360186,72.529162928,44.918998527,96.612665685,69.661266568,6144,5962,369,Imbabura,San Miguel de Urcuquí,Alcaldía,Tyrone Vega,8-101,Avanza - Integración Popular
LOJA,CALVAS,28185,0,2.21039560049672,0.354798651765123,95.9127195316658,0.269646975341494,0.361894624800426,0.794748979953876,52.772751463544445,8.2005912786,6.1566579634,69.997466614,44.208037825,95.138888889,49.926122931,10293,9899,2062,Loja,Calvas (Cariamanga),Alcaldía,Alex Padilla,35,Alianza PAIS
LOJA,CATAMAYO,30638,0,3.82531496833997,0.3361838240094,88.001827795548,0.283961094066192,0.815980155362622,6.65839806775899,25.91879365493831,8.2147955873,5.1262098147,63.47619519,56.621425748,95.862432468,73.079457109,11738,11114,1242,Loja,Catamayo,Alcaldía,Armando Figueroa,21-106,Movimiento CREO - Fuerza Catamayo
LOJA,CELICA,14468,0.117500691180536,2.10810063588609,0.152059717998341,95.5211501244125,0.608238871993365,0.331766657450926,1.16118330107824,69.58805640033177,7.4837064324,7.1916010499,75.694791741,38.185472294,95.377548091,37.065747918,4994,4844,1051,Loja,Celica,Alcaldía,Oswaldo Roman,65,"Pueblo, Cambio y Desarrollo"
LOJA,CHAGUARPAMBA,7161,0,2.34604105571848,0,95.6849602010892,1.28473676860774,0.195503421309873,0.391006842619746,84.77866219801705,6.6323529412,6.8382944489,85.12337755,23.802319718,89.006555724,18.709026727,2719,2685,225,Loja,Chaguarpamba,Alcaldía,Darwin Diaz Campoverde,21-62-7-10-19-33,Movimiento CREO - Convocatoria - Adelante Ecuatoriano AdelantePartido FE - Union Ecuatoriana - Juntos Podemos
LOJA,ESPÍNDOLA,14799,0.020271639975674,1.43928643827286,0,97.0268261369012,0.364889519562133,0.10135819987837,0.966281505507129,89.42496114602338,6.1448004837,12.130393898,90.161136146,23.438861458,87.85942492,21.783328493,4819,4691,492,Loja,Espindola (Amaluza),Alcaldía,Sonia Jimenez,104,Espindola Unida
LOJA,GONZANAMÁ,12716,0,1.6278703994966999,0,96.7442592010066,0.330292544825417,0.14941805599245,1.09311104120793,88.8958792072979,6.6058988763999995,9.0250254784,85.639974779,24.570160843,88.602329451,19.384359401,4543,4432,476,Loja,Gonzanamá,Alcaldía,Norman Espinoza,35,Alianza PAIS
LOJA,LOJA,214855,0.133113029717717,3.51492867282586,2.56591654836983,90.2087454329664,1.11191268529939,0.471480766098066,1.99390286472272,20.746549998836425,11.041038662,3.1585860998,43.588821657,69.705275083,98.002886952,81.912697108,91978,87574,16624,Loja,Loja,Alcaldía,Jorge Bailón,1-11-17,Centro Democrático - Justicia Social - Partido Socialista Ecuatoriano
LOJA,MACARÁ,19018,0.14722894100326,4.69029340624671,0.141970764538858,90.4511515406457,0.331265117257335,0.573141234619834,3.6649489956883,33.81533284257019,8.1605476042,5.3290332489,63.100883811,60.647359455,95.038330494,64.416524702,7114,6827,1128,Loja,Macará,Alcaldía,Alfredo Suquilanda Valdivieso,21-62-7-10-19-33,Movimiento CREO - Convocatoria - Adelante Ecuatoriano AdelantePartido FE - Union Ecuatoriana - Juntos Podemos
LOJA,OLMEDO,4870,0,2.36139630390144,0,95.9342915811088,0.246406570841889,0,1.39630390143737,87.22792607802874,6.2939460248,7.5403949731,89.880707528,16.751638747,89.14785142,14.566642389,1600,1568,150,Loja,Olmedo,Alcaldía,Klever Sanchez,21-62-7-10-19-33,Movimiento CREO - Convocatoria - Adelante Ecuatoriano AdelantePartido FE - Union Ecuatoriana - Juntos Podemos
LOJA,PALTAS,23801,0,1.49153396916096,0.357127851770934,95.9455485063653,0.306709802109155,0.197470694508634,1.60917608503844,72.19864711566741,7.5164871041,6.6507417651,83.101568114,33.440929632,92.23692705,33.376371853,8526,8258,1032,Loja,Paltas (Catacocha),Alcaldía,Jorge Feijoo Valarezo,21-62-7-10-19-33,Movimiento CREO - Convocatoria - Adelante Ecuatoriano AdelantePartido FE - Union Ecuatoriana - Juntos Podemos
LOJA,PINDAL,8645,0,1.61943319838057,0,96.8652400231348,0.404858299595142,0.104106419895894,0.92539039907461,78.85482938114518,6.7672371638,8.6328400282,86.12173913,25.448207171,92.828685259,31.424302789,2915,2814,287,Loja,Pindal,Alcaldía,Germán Sánchez González,6,Partido Social Cristiano
LOJA,PUYANGO,15513,0,3.2488880293947,0.444788242119513,93.9921356281828,0.360987558821633,0.174047573003288,1.73402952362535,71.0500870237865,7.3508294132,6.4786083686,77.211326146,34.354758346,92.102640757,43.996013951,5584,5382,727,Loja,Puyango (Alamor),Alcaldía,Hernan Encalada,35,Alianza PAIS
LOJA,QUILANGA,4337,0.11528706479133,0.945353931288909,0,98.524325570671,0.207516716624395,0,0.138344477749596,79.70947659672585,6.1162377995,11.031096563,84.503127172,27.670753065,91.506129597,37.478108581,1492,1401,172,Loja,Quilanga,Alcaldía,Malvin Cueva Rojas,21-62-7-10-19-33,Movimiento CREO - Convocatoria - Adelante Ecuatoriano AdelantePartido FE - Union Ecuatoriana - Juntos Podemos
LOJA,SARAGURO,30183,0,1.15296690189842,34.8142994400822,63.4628764536328,0.132524931252692,0,0.314746711725143,86.64480005300997,5.9123156636,15.54021768,86.81103017,23.80952381,88.199895343,31.946624804,11266,10955,964,Loja,Saraguro,Alcaldía,Andres Muñoz,1-33,Centro Democratico - Juntos Podemos
LOJA,SOZORANGA,7465,0,0.910917615539183,0.14735432016075,98.0843938379102,0.214333556597455,0.187541862022773,0.442062960482251,87.63563295378432,6.3693304536,7.6537767982,90.465334585,19.205658324,91.131664853,19.042437432,2405,2342,242,Loja,Sozoranga,Alcaldía,Romeo Moreno,21-62-7-10-19-33,Movimiento CREO - Convocatoria - Adelante Ecuatoriano AdelantePartido FE - Union Ecuatoriana - Juntos Podemos
LOJA,ZAPOTILLO,12312,0,4.32910981156595,0,92.4301494476933,0.511695906432749,0.739116309291748,1.8518518518518499,80.2063027940221,6.5404490926,11.274450249,89.279294002,21.964956195,87.640801001,23.153942428,4437,4314,486,Loja,Zapotillo,Alcaldía,Efren Vidal Sarango,6-105,Partido Social Cristiano - MAIZ
LOS RÍOS,BABA,39681,0.128524986769487,1.8119503036717801,0.315012222474232,26.7987197903279,66.8934754668481,0.630024444948464,3.42229278496006,86.47211511806658,6.0702766103,14.532832594,92.888328076,11.760162209,88.39432268,23.71343053,13841,13393,559,Los Ríos,Baba,Alcaldía,Sonia Palacios,35,Alianza PAIS
LOS RÍOS,BABAHOYO,153776,0.254916241806264,4.57613671834356,0.466262615752783,55.2908126105504,32.3249401727188,1.07754135885964,6.00939028196858,41.34910519196754,9.0630793188,6.6676762036,72.602631475,42.757391538,92.614565785,68.346395176,60031,56280,7770,Los Ríos,Babahoyo,Alcaldía,Carlos German Gaibor,6,Partido Social Cristiano
LOS RÍOS,BUENA FE,63148,0.269208842718693,6.72863748653956,0.330968518401216,67.7297776651675,18.0464939507189,1.66276049914487,5.23215303730918,39.407423829733325,7.245813074,10.82205267,75.888670156,45.446706905,92.889832195,80.122040194,23e3,21852,1157,Los Ríos,Buena Fé,Alcaldía,Eduardo Mendoza Palma,21-10,Movimiento CREO - Partido FE
LOS RÍOS,MOCACHE,38392,0.140654302979787,1.80245884559283,0.526151281516983,22.0540737653678,72.5151073140238,0.726713898728902,2.23484059178996,79.0893936236716,6.5139578164,13.484746567,90.278792941,17.851005762,91.600121298,29.859496614,13961,13559,439,Los Ríos,Mocache,Alcaldía,Maria Cristina Holguin,6,Partido Social Cristiano
LOS RÍOS,MONTALVO,24164,0.231749710312862,2.94239364343652,0.52143684820394,66.6942559178944,24.739281575898,0.59178943883463,4.27909286541963,47.30177122992882,8.447954272,6.1907049358,77.284115584,31.749135208,92.480072191,55.692585351,9464,9116,1024,Los Ríos,Montalvo,Alcaldía,Oswaldo Aguilar Soliz,17,Partido Socialista Ecuatoriano
LOS RÍOS,PALENQUE,22320,0.147849462365591,2.11469534050179,0.161290322580645,23.4408602150538,69.005376344086,0.627240143369176,4.50268817204301,71.55913978494624,5.7013100437,18.12813294,92.0132962,19.635868639999998,81.691339119,29.998298452,7496,7285,304,Los Ríos,Palenque,Alcaldía,Alfredo Chang Hi Fong,1-20,Centro Democratico - Democracia Si
LOS RÍOS,PUEBLOVIEJO,36477,0.213833374455136,2.6975902623571,1.86144693916715,37.7470734983688,51.8683005729638,0.838884776708611,4.77287057597938,78.42201935466184,7.093908904,10.631229236,83.607864705,30.654225427,89.799597073,55.359983035,12973,12290,587,Los Ríos,Puebloviejo,Alcaldía,Marcos Gonzalez Navarro,21,Movimiento CREO
LOS RÍOS,QUEVEDO,173575,0.370445052570935,8.4655048250036,0.825003600748956,66.1817658072879,16.7005617168371,2.43410629410917,5.02261270344232,13.105573959383552,9.2407020764,6.3098298079,70.852437487,44.640415641,96.1352657,90.746057789,68367,63440,5723,Los Ríos,Quevedo,Alcaldía,John Salcedo Cantos,120 - 6,"Juventud, Solidaridad y Cambio - Partido Social Cristiano"
LOS RÍOS,QUINSALOMA,16476,0.248846807477543,4.25467346443311,0.75260985676135,69.786355911629,19.7378004369993,1.21995630007283,3.99975722262685,72.24447681476086,6.746811071,11.81462141,88.813146683,17.31817105,89.0310353,31.438047856,6283,6147,235,Los Ríos,Quinsaloma,Alcaldía,Freddy Buenaño,21-10,Movimiento CREO - Partido FE
LOS RÍOS,URDANETA,29263,0.235792639168916,2.57321532310426,0.351980316440556,35.9600861155726,57.0720705327547,0.984177972183303,2.82267710077572,78.67614393602842,7.231913455,10.077165194,87.136886818,24.342192252,87.848737274,51.91061748,10445,9946,622,Los Ríos,Urdaneta (Catarama),Alcaldía,Amada Zambrano Rodriguez,4,Ecuatoriano Unido
LOS RÍOS,VALENCIA,42556,0.183287902998402,4.8171820659836495,0.545164019174734,59.3194849139957,28.216937682113,1.43340539524391,5.48453802049065,60.09258388946329,6.7424227563,12.544361556,90.149155102,16.206367472,89.978902954,55.792098197,15856,15319,652,Los Ríos,Valencia,Alcaldía,Celso Fuertes,6,Partido Social Cristiano
LOS RÍOS,VENTANAS,66551,0.252437979895118,3.65734549443284,1.02477798981232,55.4642304398131,33.8372075551081,1.45001577737374,4.31398476356479,42.64849513906628,7.7211302945,8.525648415,84.252110977,28.715275721,90.220932299,62.838358112,24783,23545,1597,Los Ríos,Ventanas,Alcaldía,Rafael Sanchez Ochoa,6,Partido Social Cristiano
LOS RÍOS,VINCES,71736,0.210494033679045,4.20291067246571,0.415412066465931,42.9268428682949,46.622337459574,0.846158135385302,4.77584476413516,57.834281253484995,7.3203493734,11.372338004,83.31419288,25.638559367,86.560863525,40.937266218,25756,24532,1684,Los Ríos,Vinces,Alcaldía,Juan Montalvan Cerezo,10-33,Partido FE - Juntos Podemos
MANABÍ,24 DE MAYO,28846,0,1.59467517160092,0,40.678083616446,54.3992234625251,0.461069125702004,2.7456146432781,83.36337793801567,5.6622625929,20.042194093,94.933500017,10.037373198,91.310731447,30.152162306,8683,8324,608,Manabí,24 de mayo (Sucre),Alcaldía,Duval Valeriano,21-72,Movimiento CREO - Si Podemos
MANABÍ,BOLÍVAR,40735,0.105560328955444,3.09561801890266,0,73.2809623174174,19.0769608444826,0.724192954461765,3.62341966367988,56.715355345525964,7.5177470776,9.6995862565,89.544471819,17.320774464,90.94714809,51.5855573,13361,12502,1498,Manabí,Bolivar (Calceta),Alcaldía,Walther Cevallos,21,Movimiento CREO
MANABÍ,CHONE,126491,0.169181997138136,4.11333612668095,0.105145820651272,68.8301934524986,20.345321010981,0.815868322647461,5.62095326940257,58.2499940707244,7.8905111939,11.041904605,80.991242513,28.530268801,87.224568641,52.264021216,45049,42225,5994,Manabí,Chone,Alcaldía,Leonardo Rodriguez,6-65,Partido Social Cristiano - Movimiento Unidad Primero
MANABÍ,EL CARMEN,89021,0.210062794172162,4.95501061547275,0.140416306264814,75.5529594140708,13.1014030397322,0.897541029644691,5.14260680064254,47.92464699340605,7.3892695165,10.906095552,80.485600334,31.557027922,89.853289162,58.050165641,32492,31132,1809,Manabí,El Carmen,Alcaldía,Rodrigo Mena,6-65,Partido Social Cristiano - Movimiento Unidad Primero
MANABÍ,FLAVIO ALFARO,25004,0,2.62358022716365,0,79.6632538793793,13.6978083506639,0.591905295152776,3.2954727243641,75.21596544552872,6.5361643363,12.827467176,94.355548444,9.767907831,78.660878277,33.711804976,8659,8315,503,Manabí,Flavio Alfaro,Alcaldía,Jamington Intriago,6-65,Partido Social Cristiano - Movimiento Unidad Primero
MANABÍ,JAMA,23253,0.124715090525954,1.64709929901518,0.19782393669634,72.463768115942,21.0252440545306,1.18694362017804,3.35440588311186,73.80983098954974,6.6998925309,10.899035543,90.259599078,23.501577287,86.698212408,71.030494217,7131,6728,551,Manabí,Jama,Alcaldía,Rober Castro,21-72,Movimiento CREO - Si Podemos
MANABÍ,JARAMIJÓ,18486,1.46597425078438,4.27350427350427,0,76.4199935086011,4.97673915395434,1.17927079952396,11.6033755274262,6.91333982473223,6.9053844449,9.6973334477,79.730769231,40.567116396,92.522295907,88.131717357,5922,5414,713,Manabí,Jaramijó,Alcaldía,Simetrio Calderón Álava,35-1-100,Alianza PAIS - Centro Democrático - Mejor
MANABÍ,JIPIJAPA,71083,0.180071184390079,2.36906151963198,0.126612551524274,73.4817044863048,18.6050110434281,0.621808308596992,4.61573090612383,43.40137585639323,7.8482262652,12.505503302,83.349615597,31.270565757,88.626472774,61.872412695,25043,22869,2940,Manabí,Jipijapa,Alcaldía,Luis Gencon Cedeño,6-65,Partido Social Cristiano - Movimiento Unidad Primero
MANABÍ,JUNÍN,18942,0.063351282863478,3.3734558124802,0,71.7770034843206,19.3749340090803,0.480413895048041,4.90444514834759,71.49192271143491,7.1303700553,11.690387396,86.040609137,21.205122822,90.006298551,56.89691371,6240,5844,599,Manabí,Junín,Alcaldía,José Intriago Ganchozo,21-72-123,Movimiento CREO - Si Podemos - Junidos
MANABÍ,MANTA,226477,0.600060933339809,7.80873996034917,0.211500505570102,76.3653704349669,7.23737951315145,1.11269577043143,6.66425288219113,3.9403559743373497,9.806463524,5.3800089189,54.879493035,60.539479964,97.08341435,97.901825959,90627,83617,10206,Manabí,Manta,Alcaldía,Agustin Intriago Quijano,107,Mejor Ciudad
MANABÍ,MONTECRISTI,70294,0.297322673343386,4.98051042763251,0.105272142714883,75.5555239422995,9.54562267049819,0.798076649500669,8.71767149401087,34.1167098187612,7.858772862,9.0469672342,90.382038489,14.903331267,92.728707514,78.343949045,25083,22956,2542,Manabí,Montecristi,Alcaldía,Washington Arteaga,6-65,Partido Social Cristiano - Movimiento Unidad Primero
MANABÍ,OLMEDO,9844,0.111743193823649,4.06338886631451,0,34.6200731409996,57.7610727346607,0.660300690776107,2.70215359609915,78.51483136936204,5.7426470588,20.645762186,97.409326425,5.0277117973,87.92557403,32.977038797,3156,3024,160,Manabí,Olmedo,Alcaldía,Fausto Avilés,72,Si Podemos
MANABÍ,PAJÁN,37073,0.06473714023683,2.11204920022658,0,46.2519893183719,49.3863458581717,0.787635206214765,1.3298087556982199,81.18037385698487,5.5758645025,21.876130381,94.536334056,11.821495419,81.381144715,26.125504876,12639,12022,601,Manabí,Paján,Alcaldía,Natael Morán Cevallos,35-1-100,Alianza PAIS - Centro Democrático - Mejor
MANABÍ,PEDERNALES,55128,0.195907705703091,3.62973443622116,0.33195472355246,82.0363517631694,5.89718473371064,2.16224060368597,5.74662603395734,60.25613118560441,6.1071367594,17.08388365,93.702981839,12.909990773,76.931465481,58.996728462,17826,16495,1074,Manabí,Pedernales,Alcaldía,Oscar Arcentales,35-1-17-20-100,Alianza PAIS - Centro Democrático - Partido Socialista Ecuatoriano - Democracia Si - Mejor
MANABÍ,PICHINCHA,30244,0,1.7061235286337801,0,38.1431027641846,57.8428779262002,0.720804126438302,1.41185028435392,87.32310540933739,5.492280018,18.854630218,93.065210195,12.391430226,75.159235669,26.563404748,9362,8993,394,Manabí,Pichincha,Alcaldía,Domingo López,35-1-17-20-100,Alianza PAIS - Centro Democrático - Partido Socialista Ecuatoriano - Democracia Si - Mejor
MANABÍ,PORTOVIEJO,280029,0.227476439940149,5.67012702255838,0.164625806612887,67.9240364390831,20.7489224330337,0.607794192744323,4.65701766602745,26.192644333265484,9.747354193,6.6486362361,65.277411667,45.35554041,95.81984438,78.995569944,109319,100261,15926,Manabí,Portoviejo,Alcaldía,Agustín Casanova,6-65-105,Partido Social Cristiano - Movimiento Unidad Primero - Camino
MANABÍ,PUERTO LOÓPEZ,20451,0.503642853650188,3.35924893648232,2.63067820644467,80.7491076230991,6.8505207569312,0.611217055400714,5.29558456799179,51.73830130555963,7.040235525,12.262378841,93.145001976,16.324905435,90.862034641,93.748755724,6865,6330,558,Manabí,Puerto López,Alcaldía,Javier Pincay,35-1-17-20-100,Alianza PAIS - Centro Democrático - Partido Socialista Ecuatoriano - Democracia Si - Mejor
MANABÍ,ROCAFUERTE,33469,0,2.64423795153724,0,64.7315426215304,29.397352774209,0.376467776151065,2.7189339388688,72.49992530401266,7.618827339,8.3190688121,78.347852208,32.482837529,93.867276888,62.402745995,12170,11580,1124,Manabí,Rocafuerte,Alcaldía,Patricio Zambrano Macías,72,Si Podemos
MANABÍ,SAN VICENTE,22025,0.671963677639047,4.00454029511918,0.140749148694665,82.2020431328036,5.80249716231555,1.03518728717367,6.14301929625426,55.418842224744616,6.9643046475,12.652728754,85.575379535,25.281888654,89.32346723,66.631430585,8061,7398,605,Manabí,San Vicente,Alcaldía,Rossana Cevallos Torres,6-65,Partido Social Cristiano - Movimiento Unidad Primero
MANABÍ,SANTA ANA,47385,0,3.64039252928142,0,50.2796243536984,42.0850480109739,0.607787274453941,3.26896697267068,79.56948401392846,5.9421669107,17.637418053,84.959779848,25.172658049,94.811404285,39.560828759,15317,14449,1035,Manabí,Santa Ana,Alcaldía,Ramos Mieles Arteaga,12,Izquierda Democrática
MANABÍ,SUCRE,57159,0.397137808569079,4.51022586119421,0.124214909288126,78.774996063612,9.2216448853199,0.769782536433458,6.2019979355832,63.39858989835372,7.7627581612,10.098653344,83.079615976,27.563293242,90.982789553999993,73.69924912,20853,19109,1933,Manabí,Sucre (Bahía de Caráquez),Alcaldía,Ingrid Zambrano,72-102,Si Podemos - SUCRE
MANABÍ,TOSAGUA,38341,0,3.27065021778253,0.109543308729558,59.5680863827235,31.4884849117133,0.641610808273128,4.83033828017005,71.95952113925041,7.0475164314,11.593869732,84.41544803,28.860196846,90.549264472,41.665784739,12655,11775,849,Manabí,Tosagua,Alcaldía,Elba Gonzalez,35-1-17-20-100,Alianza PAIS - Centro Democrático - Partido Socialista Ecuatoriano - Democracia Si - Mejor
MORONA SANTIAGO,GUALAQUIZA,17162,0.285514508798508,3.43200093229227,27.0189954550752,67.1017363943596,0.221419414986598,0.681738725090316,1.25859456939751,57.86038923202423,8.2263395093,5.7850440166,69.793609724,44.067370538,85.696329814,51.75967823,6772,6638,1227,Morona Santiago,Alcladía de Logroño,Alcaldía,Gregorio Unkuch,23,Movimiento SUMA
MORONA SANTIAGO,HUAMBOYA,8466,0,1.07488778643988,82.8490432317505,15.6626506024096,0,0.047247814788566,0.224427120245689,89.36924167257264,8.7022251309,7.0624120131,95.271557884999993,11.2640801,71.777221527,18.710888611,2820,2763,337,Morona Santiago,Gualaquiza,Alcaldía,Francis Pavon,18,Pachakutik
MORONA SANTIAGO,LIMÓN INDANZA,9722,0.30857848179387,2.6332030446410197,24.5525612013989,70.5924706850442,0.298292532400741,0.349722279366386,1.2651717753548701,63.76260028800659,8.1567196222,7.3687869308,79.172774869,38.048572646,88.49595228,54.11163187,3966,3909,554,Morona Santiago,Huamboya,Alcaldía,Wilson Shakai Kaniras,18,Pachakutik
MORONA SANTIAGO,LOGROÑO,5723,0,2.6384763236065,71.8504280971518,24.864581513192398,0.104840118818801,0.192206884501136,0.314520356456404,74.10449065175607,8.4647519582,6.0019678583,87.427872006,25.149700599,63.815226689,50.128314799,2030,1993,247,Morona Santiago,Limón Indanza (General Leonidas Plaza Gutiérrez),Alcaldía,Erik Bustamante Ramos,18,Pachakutik
MORONA SANTIAGO,MORONA,41155,1.40201676588507,3.57186247114567,39.4459968412101,53.721297533714,0.303729801968169,0.473818491070344,1.08127809500668,53.87194751549021,9.5838954469,5.1691691692,65.754855395,53.01929861,87.009753061,65.760531231,16479,15877,3275,Morona Santiago,Morona (Macas),Alcaldía,Franklin Galarza,21,Movimiento CREO
MORONA SANTIAGO,PABLO SEXTO,1823,0.219418540866703,2.30389467910038,48.4366428963247,47.3944048272079,0.109709270433352,0,1.48107515085025,60.724081184860125,8.7744360902,8.3003952569,75,34.134615385,76.201923077,62.5,730,714,152,Morona Santiago,Pablo Sexto,Alcaldía,Lenin Verdugo,20,Democracia Si
MORONA SANTIAGO,PALORA,6936,0,3.37370242214533,34.9480968858132,59.6309111880046,0.317185697808535,0.533448673587082,1.13898500576701,54.55594002306805,8.3321212121,7.8567996156,66.531440162,48.420413123,88.517618469,58.687727825,2647,2561,504,Morona Santiago,Palora,Alcaldía,Luis Heras Calle,20,Democracia Si
MORONA SANTIAGO,SAN JUAN BOSCO,3908,0.179119754350051,1.20266120777892,25.17911975435,71.6223132036848,0.204708290685773,0.588536335721597,1.02354145342886,64.43193449334697,7.9864559819,7.1045576408,72.755659641,39.934354486,74.617067834,56.892778993,1633,1611,327,Morona Santiago,San Juan Bosco,Alcaldía,Bolivar Chacon,18,Pachakutik
MORONA SANTIAGO,SANTIAGO,9295,0.13986013986014,3.53953738569123,37.2027972027972,57.052178590640096,0.322754168908015,0.494889725658956,1.24798278644432,75.50295857988165,8.6759388039,5.7579527279,72.363554858,47.47706422,87.752293578,67.201834862,3907,3813,825,Morona Santiago,Santiago de Méndez,Alcaldía,Alfonso Antuash,18,Pachakutik
MORONA SANTIAGO,SUCÚA,18318,0.29479200786112,6.3762419478109,34.8291298176657,57.107762856207,0.218364450267496,0.387596899224806,0.786112020962987,57.391636641554754,8.5386634845,5.4694621696,63.410605143,54.895858271,87.000239406,63.466602825,6844,6684,946,Morona Santiago,Sucúa,Alcaldía,Enrique Delgado Torres,6-23,Partido Social Cristiano - Movimiento SUMA
MORONA SANTIAGO,TAISHA,18437,0,0.271193795085968,95.845311059283,3.76416987579324,0,0,0,94.38086456581874,8.1168298074,12.222100537,98.65560166,3.8065254722,26.330852891,5.8958214081,6321,6175,792,Morona Santiago,Taisha,Alcaldía,Bartolomé Wachapa,18,Pachakutik
MORONA SANTIAGO,TIWINTZA,6995,0.100071479628306,1.98713366690493,76.5403859899929,20.1715511079342,0.243030736240172,0.557541100786276,0.400285918513224,83.38813438170122,8.2988505747,6.6280904787,95.884969813,11.669367909,48.86547812,21.555915721,2769,2706,530,Morona Santiago,Tiwintza (Santiago),Alcaldía,Wilfrido Calle,3,Partido Sociedad Patriótica
NAPO,ARCHIDONA,24969,0.112139052425007,1.40574312147062,80.3316111978854,17.1973246826064,0.276342664904482,0.204253274059834,0.472586006648244,78.06079538627898,8.5112813082,9.8637825998,88.523264745,26.177481302,82.514655347,45.704467354,8939,8533,1283,Napo,Archidona,Alcaldía,Andrés Bonilla,11-35-62,Justicia Social - Alianza PAIS - Sumak Yuyay
NAPO,CARLOS JULIO AROSEMENA TOLA,3664,0,2.07423580786026,46.6975982532751,49.1812227074236,0.846069868995633,0.491266375545852,0.655021834061135,74.5906113537118,8.0528967254,8.1660583942,84.151047409,30.893300248,87.841191067,61.538461538,1490,1447,267,Napo,Carlos Julio Arosemena Tola,Alcaldía,Isaias Pasochoa Gualli,20-35-61-62,Democracia Si - Alianza PAIS - Antisuyo USHITO - Sumak Yuyay
NAPO,EL CHACO,7960,0.552763819095477,2.55025125628141,11.5577889447236,81.6457286432161,0.678391959798995,0.816582914572864,2.19849246231156,49.42211055276382,8.5528169014,7.1915805886,65.309757028,50.748502994,95.359281437,90.469061876,3476,3345,699,Napo,El Chaco,Alcaldía,Javier Chavez,103-18-2-4,Minga por el Progreso - Pachakutik - Unidad Popular - Ecuatoriano Unido
NAPO,QUIJOS,6224,0.273136246786632,4.12917737789203,6.52313624678663,83.9492287917738,1.1086118251928,1.7512853470437,2.26542416452442,72.83097686375322,9.1782115869,4.7708138447,62.771510355,47.559449312,96.871088861,92.740926158,3088,3001,724,Napo,Quijos (Baeza),Alcaldía,Franklin Rosero,18-4,Pachakutik - Ecuatoriano Unido
NAPO,TENA,60880,0.216819973718791,3.18166885676741,58.7220762155059,35.6356767411301,0.629106438896189,0.675098554533509,0.939553219448095,61.716491458607095,9.6837929138,4.8296843592,77.516677282,39.898328584,86.767311099,63.367480551,24433,23468,4789,Napo,Tena,Alcaldía,Carlos Guevara,3,Partido Sociedad Patriótica
ORELLANA,AGUARICO,4847,0.082525273364968,0.783990096967196,77.40870641634,20.1361667010522,0.144419228388694,0.72209614194347,0.72209614194347,90.48896224468743,7.3838268793,12.121212121,93.240823635,14.810690423,58.240534521,24.721603563,2109,1988,583,Orellana,Aguarico (Tiputini / Nuevo Rocafuerte),Alcaldía,Juan Carlos Orellana,18,Pachakutik
ORELLANA,LA JOYA DE LOS SACHAS,37591,0.159612673246256,4.27495943177888,15.7165278923146,75.3637838844404,0.766140831582028,1.39927110212551,2.31970418451225,69.46077518554972,8.0811150463,6.8204782755,88.107518079,20.39502885,89.935641367,49.611628939,15192,14617,1880,Orellana,La Joya de los Sachas,Alcaldía,Luis Cordones,2-3-35-61,Unidad Popular - Partido Sociedad PatrioticaAlianza PAIS - Orellanense en Acción
ORELLANA,LORETO,21163,0.207910031659028,2.93909181117989,67.4053773094552,27.3259934791854,0.623730094977083,0.652081462930586,0.845815810612862,84.6099324292397,7.7870685464000005,8.6037154353,93.503656568,13.8101983,68.248347498,32.837582625,7903,7730,816,Orellana,Loreto,Alcaldía,René Grefa,62-8-17,Movimiento del Pueblo - Avanza - Partido Socialista Ecuatoriano
ORELLANA,ORELLANA,72795,0.291228793186345,5.12535201593516,26.6556769008861,59.483481008311,1.6759392815440601,2.3779105707809602,4.39041142935641,44.04835496943472,8.9678719621,5.3329457538,80.335683782,31.489756834,84.197086646,73.158841623,29228,27549,4804,Orellana,Orellana (Puerto Francisco de Orellana),Alcaldía,Ricardo Ramírez,2-3-35-61,Unidad Popular - Partido Sociedad PatrioticaAlianza PAIS - Orellanense en Acción
PASTAZA,ARAJUNO,6491,0,0.13865352025882,94.700354336774,5.03774456940379,0,0,0,80.12632876290247,8.2615384615,10.84043849,95.713845205,8.3260297984,39.526730938,27.87028922,2187,2111,350,Pastaza,Arajuno,Alcaldía,César Grefa,35-23,Alianza PAIS - Movimiento SUMA
PASTAZA,MERA,11861,0.236067785178315,3.96256639406458,30.7984149734424,62.5495320799258,0.716634347862743,0.607031447601383,1.1297529719248,93.52499789225192,10.243399638,4.5353548556,63.283391193,54.417089066,91.962346126,81.13685735,4983,4783,1710,Pastaza,Mera,Alcaldía,Guidmon Tamayo Amores,33,Juntos Podemos
PASTAZA,PASTAZA,62016,0.158023735810114,3.09920020639835,35.218330753354,59.5459236326109,0.409571723426213,0.672407120743034,0.896542827657379,45.88977038183695,9.5677153659,7.064937738,67.231203069,48.690000677,83.548845711,65.885857423,24731,23821,4815,Pastaza,Pastaza (Puyo),Alcaldía,Oswaldo Zuñiga,33-18-2-3,Juntos Podemos - Pachakutik - Unidad Popular - Partido Sociedad Patriótica
PASTAZA,SANTA CLARA,3565,0,1.31837307152875,49.312762973352,47.9382889200561,0,0.448807854137447,0.897615708274895,63.19775596072932,8.5179487179,7.0674621386,83.876404494,29.314720812,83.248730964,66.624365482,1365,1320,300,Pastaza,Santa Clara,Alcaldía,Jervis Arboleda,61-6,Unidos por Pastaza - Partido Social Cristiano
PICHINCHA,CAYAMBE,85795,0.195815606970103,1.90687102978029,33.8679410222041,60.6585465353459,1.04318433475144,0.672533364415176,1.65510810653301,54.51016959030246,7.7956248829,11.114262417,66.924193473,46.882227773,96.405772967,73.572948469,39380,38196,2811,Pichincha,Alcaldía Metropolitana de Quito,Alcaldía,Jorge Yunda,19,Unión Ecuatoriana
PICHINCHA,MEJÍA,81335,0.148767443290097,2.8302698715190298,7.48017458658634,86.2297903731481,0.850802237659064,0.850802237659064,1.6093932501383201,79.69508821540542,8.6160469479,7.0184215699,58.295587782,52.613723242,98.146024465,86.644686544,36081,34751,3600,Pichincha,Cayambe,Alcaldía,Guillermo Churuchumbi,18,Pachakutik
PICHINCHA,PEDRO MONCAYO,33172,0.295429880622211,2.2579283733268998,26.4198721813578,67.4363921379477,0.949596044857108,0.759676835885687,1.8811045460026499,69.676232967563,7.4300974293,10.202847306,71.91578057,43.681223213,96.895633036,76.740414688,14592,14185,1078,Pichincha,Mejía (Machachi),Alcaldía,Roberto Hidalgo,19,Unión Ecuatoriana
PICHINCHA,PEDRO VICENTE MALDONADO,12924,0.154750851129681,6.17455896007428,2.60755184153513,78.6134323738781,2.80099040544723,3.28071804394924,6.36799752398638,56.971525843392136,7.4594090202,8.8584363147,73.161650636,40.444581661,94.782340228,64.001234949,5370,5226,451,Pichincha,Pedro Moncayo (Tabacundo),Alcaldía,Virgilio Andrango,104-51,Bandola Vive - Concertacion
PICHINCHA,PUERTO QUITO,20445,0.185864514551235,5.12105649303008,0.523355343604793,83.1841526045488,2.43580337490829,3.03741746148203,5.51235020787479,84.93519197847884,6.8593939394,10.136497596,93.506239295,10.601548541,93.309509629,38.574548342,7634,7476,518,Pichincha,Pedro Vicente Maldonado,Alcaldía,Fabrisio Ambuludi Bustamante,8,Avanza
PICHINCHA,QUITO,2239191,0.387907954256694,6.72912672478587,4.08531474090419,82.7621672291466,1.35705261409143,1.53470606125159,3.14372467556363,28.200229457871167,11.507576553,2.9982557753,29.655039013,82.512751906,99.547439297,96.517551697,1097521,1043358,135313,Pichincha,Puerto Quito,Alcaldía,Tito Aguirre Jumbo,6,Partido Social Cristiano
PICHINCHA,RUMIÑAHUI,85852,0.242277407631738,5.85076643526068,1.89279224712296,87.5238783021945,1.1950799049527099,1.06811722499185,2.22708847784559,12.54717420677445,11.863915033,2.8948745184,31.627052394,80.21025531,99.553743832,96.078094829,42335,40629,5684,Pichincha,Rumiñahui (Sangolquí),Alcaldía,Wilfrido Carrera Díaz,21-65,Movimiento CREO - Ahora
PICHINCHA,SAN MIGUEL DE LOS BANCOS,17573,0.324361235987026,5.67347635577306,0.580435895976783,84.7720935526091,2.33312467990668,3.05582427587777,3.26068400386957,72.62846412109486,8.07668187,7.2102484203,75.806451613,42.371452655,95.195279573,69.232930598,7037,6811,628,Pichincha,San Miguel de los Bancos,Alcaldía,Marco Calle,21-106,Movimiento CREO - Ciudadanos Activos
SANTA ELENA,LA LIBERTAD,95942,1.97723624689917,4.50897417189552,1.23929040461946,76.9787996914803,5.12914052239895,1.78232682245523,8.3842321402514,0,8.9119650214,5.0524489313,66.976910309,59.256117732,94.147334493,96.246660164,36204,33288,4179,Santa Elena,La Libertad,Alcaldía,Victor Valdivieso Córdova,62-20,Movimiento Frente de Lucha Ciudadana - Democracia Si
SANTA ELENA,SALINAS,68675,1.86821987622861,5.06734619585002,0.173279941754641,81.5580633418274,3.12486348744084,1.32799417546414,6.88023298143429,49.44448489261012,9.1040880886,4.523861887,61.047032809,67.09126886,94.818204304,95.622062825,24489,22592,3285,Santa Elena,Salinas,Alcaldía,Daniel Cisneros,61-6,Movimiento Creyendo en Nuestra Gente - Partido Social Cristiano
SANTA ELENA,SANTA ELENA,144076,2.9491379549682097,2.49659901718537,1.9822871262389299,79.4053138621283,5.61509203475943,1.0966434381854,6.45492656653433,72.45828590466142,8.2342215586,5.5343511450000005,80.839200028,36.373104965,87.961462794,92.683138526,48237,44017,5294,Santa Elena,Santa Elena,Alcaldía,Otto Vera,61-6,Movimiento Creyendo en Nuestra Gente - Partido Social Cristiano
ESMERALDAS,LA CONCORDIA,42924,0.267915385332215,8.54300624359333,0.454291305563321,72.9149193924145,3.89292703382723,3.55046128040257,10.3764793588668,32.43173981921535,7.7185291309,10.072601936,86.999251217,20.193209529,93.012567998,78.803226412,16657,15803,1167,Santo Domingo de los Tsáchilas,La Concordia,Alcaldía,David Álava,63-6,Positivo - Partido Social Cristiano
SANTO DOMINGO DE LOS TSÁCHILAS,SANTO DOMINGO,368013,0.269283965512088,6.82258507172301,1.7167871787138,81.039256765386,2.45860879914568,2.21649778676297,5.47698043275645,26.395263210810487,8.6263521939,6.3030760521,74.364344383,36.093296321,96.188166725,81.447092733,150151,142699,12033,Santo Domingo de los Tsáchilas,Santo Domingo de los Colorados,Alcaldía,Wilson Erazo,20-100,Movimiento Democracia Si - Construir
SUCUMBÍOS,CASCALES,11104,0,2.35050432276657,31.060878962536002,64.5623198847262,0.495317002881844,0.657420749279539,0.792507204610951,81.17795389048992,8.1518564873,8.143767061,84.787595192,26.535626536,75.225225225,52.497952498,4093,3979,687,Sucumbíos,Cascales,Alcaldía,Silvio Quevedo,23,Movimiento SUMA
SUCUMBÍOS,CUYABENO,7133,0.112154773587551,2.03280527127436,14.4399270993972,79.0971540726202,1.73839899060704,0.953315575494182,1.62624421701949,82.05523622599186,7.6547619048,8.5177733065,94.461491255,7.5324675325,80.974025974,47.467532468,2894,2808,314,Sucumbíos,Cuyabeno (Tarapoa),Alcaldía,Nelson Yaguachi,20,Democracia Si
SUCUMBÍOS,GONZALO PIZARRO,8599,0.348877776485638,2.84916850796604,26.2007210140714,66.5891382718921,0.697755552971276,1.53506221653681,1.77927666007675,76.66007675311083,8.4080901178,6.3432835821,81.020482366,31.731731732,87.537537538,63.413413413,3507,3350,736,Sucumbíos,Gonzalo Pizarro (Lumbaquí),Alcaldía,Segundo Jaramillo,3,Partido Sociedad Patriótica
SUCUMBÍOS,LAGO AGRIO,91744,0.223447854900593,5.45321764911057,9.09051273107778,78.1838594349494,0.933031042901988,2.4121468433903,3.70378444366934,47.06792814788978,8.8043950317,6.0493974466,86.886020843,21.626209472,88.56730605999999,70.845357325,37575,35636,5505,Sucumbíos,Lago Agrio (Nueva Loja),Alcaldía,Abraham Freire Paz,23,Movimiento SUMA - Acuerdo Ciudadano
SUCUMBÍOS,PUTUMAYO,10174,0.167092588952231,4.92431688618046,25.9091802634166,64.0062905445253,0.530764694318852,1.6414389620601502,2.82091606054649,78.40574012187929,7.1498839907,9.7460422164,91.550613178,16.40163562,75.329395729,37.028623353,3994,3790,749,Sucumbíos,Putumayo (Puerto El Carmen),Alcaldía,Segundo Londoño Flores,61,Mushuk Inti
SUCUMBÍOS,SHUSHUFINDI,44328,0.263941526800217,4.03356794802382,13.3640137159358,73.0757083558924,1.14600252661974,2.52210792275763,5.5946580039704,63.10458401010648,8.1571590091,7.1178611422,87.648009891,23.808587993,86.646359438,56.578559497,18087,17469,2462,Sucumbíos,Shushufindi (Shushufindi Central),Alcaldía,Esperanza Torres,23,Movimiento SUMA
SUCUMBÍOS,SUCUMBÍOS,3390,0,2.12389380530973,1.53392330383481,93.8938053097345,0.737463126843658,0.884955752212389,0.825958702064897,83.80530973451327,7.7956989247,7.637017071,78.824571766,33.837209302,91.860465116,75.23255814,1340,1306,294,Sucumbíos,Sucumbíos (La Bonita),Alcaldía,Henry Mejia,35-61,Alianza PAIS - Mushuk Inti
TUNGURAHUA,AMBATO,329856,0.166436263096624,4.02630238649593,15.7056412495149,77.8821667636787,0.536900950717889,0.53144402405898294,1.15110836243694,49.922087213814514,9.3497223546,6.9758492513,49.513539288,62.778642364,97.452892506,79.316367545,161240,156725,14625,Tungurahua,Ambato,Alcaldía,Javier Altamirano,12-63,Izquierda Democrática - Solidariamente
TUNGURAHUA,BAÑOS DE AGUA SANTA,20018,0.224797682086122,4.40103906484164,1.93326006594065,91.2528724148267,0.46458187631132,0.574482965331202,1.1489659306624,35.083424917574185,9.335572843,3.7416359416000002,44.555423982,67.035670357,98.27798278,85.802143736,9830,9607,1257,Tungurahua,Baños,Alcaldía,Luis Silva Luna,8,Avanza
TUNGURAHUA,CEVALLOS,8163,0,2.4500796275879,1.6905549430356501,94.940585569031,0.147004777655274,0.24500796275879,0.4655151292417,69.36175425701336,8.3483588621,4.1834002677,55.58288244,54.786060873,97.882664314,74.85663873,3771,3704,181,Tungurahua,Cevallos,Alcaldía,Luis Barona Ledesma,21-62,Movimiento CREO - Movimiento Cívico por Ambato y Tungurahua
TUNGURAHUA,MOCHA,6777,0.191825291426885,2.22812453888151,0.575475874280655,96.1487383798141,0.472185332743102,0.147557916482219,0.236092666371551,82.16024789729968,7.4513184584,6.1620764811,68.7583247,48.417880462,97.036664992,63.083877449,3020,2980,120,Tungurahua,Mocha,Alcaldía,Danilo Ortiz,1-35-20,Centro Democrático - Alianza PAIS - Democracia Si
TUNGURAHUA,PATATE,13497,0,2.94139438393717,5.71238052900645,89.8199599911091,0.177817292731718,0.437134177965474,0.83722308661184,83.98903460028154,7.3971885336,9.1073904234,73.860340596,38.341543514,93.869731801,53.530377668,6525,6446,344,Tungurahua,Patate,Alcaldía,Bolivar Punguil,8,Avanza
TUNGURAHUA,QUERO,19205,0,1.12991408487373,0.989325696433221,96.8706066128612,0.218693048685238,0.151002343139807,0.583181463160635,86.05050768029159,6.5550927679,9.9147434955,84.46683021,28.019504876,94.223555889,19.91747937,9287,9186,290,Tungurahua,Pelileo,Alcaldía,Leonardo Maroto,23,Movimiento SUMA
TUNGURAHUA,SAN PEDRO DE PELILEO,56573,0,1.90373499726018,12.580206105386,84.4413412758737,0.348222650380924,0.1714598836901,0.502006257401941,82.14165768122602,7.2199755733,8.658138201,75.754941272,33.259527644,95.853462158,54.951690821,27620,27256,1341,Tungurahua,Píllaro,Alcaldía,Francisco Yanchatipan,103,Fuerza Pillareño
TUNGURAHUA,SANTIAGO DE PÍLLARO,38357,0,2.5262663920536,5.13856662408426,90.9090909090909,0.185103110253669,0.177281852073937,0.975050186406653,80.59285137002372,7.0131219245,11.191050038,71.033490319,43.486572599,95.666818389,54.264906691,17502,17101,1302,Tungurahua,Quero,Alcaldía,Jose Morales Jaya,23,Movimiento SUMA
TUNGURAHUA,TISALEO,12137,0,1.66433220729999,1.35947927824009,96.2264150943396,0.222460245530197,0.131828293647524,0.337810002471781,89.54436846008075,7.0154498637,7.2820512821,80.440339738,32.310962648,96.598846037,45.9155785,6098,6023,172,Tungurahua,Tisaleo,Alcaldía,Víctor Zumba,6-61,Partido Social Cristiano - Tiempo de Cambio
ZAMORA CHINCHIPE,CENTINELA DEL CÓNDOR,6479,0.216082728816175,1.28106189226733,9.49220558728199,87.2974224417348,0.185213767556722,0.185213767556722,1.34279981478623,65.53480475382003,7.9901408451,5.8483935743,74.418604651,43.321299639,90.902527076,62.166064982,2377,2279,334,Zamora Chinchipe,Centinela del Cóndor (Zumbi),Alcaldía,Luis Merino Gonzalez,33-2-20-4-17,Juntos Podemos - Unidad Popular - Democracia Si Ecuatoriano Unido - Partido Socialista Ecuatoriano
ZAMORA CHINCHIPE,CHINCHIPE,9119,0,2.75249479109551,0.394780129400154,94.9884855795592,0.285118982344555,0.460576817633512,1.05274701173374,65.31417918631429,8.6880146386,4.5778938207,80.49665495,30.545286506,86.321626617,42.467652495,3656,3557,832,Zamora Chinchipe,Chinchipe (Zumba),Alcaldía,Alberto Jaramillo Nuñez,63-23-35,MAS - Movimiento SUMA - Alianza PAIS
ZAMORA CHINCHIPE,EL PANGUI,8619,0.707738716788491,2.25084116486831,21.4061956143404,74.0573152337858,0.243647754959972,0.382875043508528,0.951386471748463,64.21858684302123,7.6798780488,7.9158316633,75.421462621,42.319587629,85.154639175,58.195876289,3147,3060,369,Zamora Chinchipe,El Pangui,Alcaldía,Carlos Punin,18,Pachakutik
ZAMORA CHINCHIPE,NANGARITZA,5196,0.808314087759815,2.11701308698999,34.8729792147806,61.1239414934565,0,0.134719014626636,0.846805234795997,65.91608929946112,7.6130434783,7.5966850829,77.356299594,37.304347826,80.086956522,57.739130435,1917,1876,246,Zamora Chinchipe,Nangaritza (Guayzimi),Alcaldía,Fredy Armijos Perez,63-23-35,MAS - Movimiento SUMA - Alianza PAIS
ZAMORA CHINCHIPE,PALANDA,8089,0,1.52058350846829,0,97.5151440227469,0.13598714303375,0.148349610582272,0.581035974780566,75.28742737050315,7.9073251942,5.0751879699,84.619207355,29.915966387,89.859943978,35.966386555,3018,2956,285,Zamora Chinchipe,Palanda,Alcaldía,Segundo Mejia,33-2-20-4-17,Juntos Podemos - Unidad Popular - Democracia Si Ecuatoriano Unido - Partido Socialista Ecuatoriano
ZAMORA CHINCHIPE,PAQUISHA,3854,0.155682407887909,1.50492994291645,29.7872340425532,66.554229372081,0.103788271925272,0.41515308770109,1.47898287493513,73.97509081473792,8.0740305523,4.6391752577,89.718162839,20.259128386,75.147232038,68.551236749,1613,1573,194,Zamora Chinchipe,Paquisha,Alcaldía,Angel Calva,33-2-20-4-17,Juntos Podemos - Unidad Popular - Democracia Si Ecuatoriano Unido - Partido Socialista Ecuatoriano
ZAMORA CHINCHIPE,YACUAMBI,5835,0.239931448157669,0.856898029134533,71.7052270779777,27.0779777206512,0.102827763496144,0,0,77.29220222793488,7.1846032993,10.249391727,89.890147614,22.049689441,71.040372671,45.729813665,2329,2281,283,Zamora Chinchipe,Yacuambi,Alcaldía,Victor Gualan Chalan,18,Pachakutik
ZAMORA CHINCHIPE,YANTZAZA,18675,0.599732262382865,2.16331994645248,12.7068273092369,82.0562248995984,0.251673360107095,0.417670682730924,1.8045515394913,50.741633199464516,8.4920486436,5.5093281948,73.304324177,45.881248533,92.208401784,65.50105609,7227,6971,931,Zamora Chinchipe,Yantzaza,Alcaldía,Martin Jimenez,18,Pachakutik
ZAMORA CHINCHIPE,ZAMORA,25510,0.239121912975304,2.49313994511956,8.63190905527244,86.8796550372403,0.305762446099569,0.337122696981576,1.11328890631125,51.446491571932576,9.7507762706,4.0749747909,60.524915039,55.054356644,93.947752718,77.137757586,10757,10344,3129,Zamora Chinchipe,Zamora,Alcaldía,Victor Gonzalez Salinas,21,Movimiento CREO
